{"cameraMode":{"drawMode":0,"name":"Shaded","section":"Shading Mode"},"sceneLighting":true,"audioPlay":false,"sceneViewState":{"showFog":true,"showMaterialUpdate":false,"showSkybox":true,"showFlares":true,"showImageEffects":true,"showParticleSystems":true},"in2DMode":false,"pivot":{"x":8.495859146118164,"y":-4.444461822509766,"z":-4.422462463378906},"rotation":{"x":-0.3310895264148712,"y":0.014723410829901696,"z":-0.005144630558788776,"w":-0.9434704780578613},"size":61.37434387207031,"orthographic":false}